INSERT INTO STORE VALUES('WALMART', '0000000000','500 S Bishop Ave, Rolla, MO 65401');
INSERT INTO STORE VALUES('KROGER','1111111111','605 W 4th St, Rolla, MO 65401');
INSERT INTO STORE VALUES('ALDI', '2222222222', '700 Aldi Dr, Rolla, MO 65401');

INSERT INTO STORE_DRIVER VALUES('0000000000', '0000000009');
INSERT INTO STORE_DRIVER VALUES('0000000000', '0000000099');
INSERT INTO STORE_DRIVER VALUES('1111111111', '1111111119');
INSERT INTO STORE_DRIVER VALUES('2222222222', '2222222229');

INSERT INTO BIG_DRIVER VALUES('0000000009', 10, 'HANNAH', 2, 50, 50000);
INSERT INTO BIG_DRIVER VALUES('0000000099', 12, 'SPIDERMAN', 1, 30, 33000 );
INSERT INTO SMALL_DRIVER VALUES('1111111119', 5, 'X', 3, 20, 22000);
INSERT INTO SMALL_DRIVER VALUES('2222222229', 4, 'Y', 0, 20, 32000);

INSERT INTO DRIVER_ORDER VALUES('0000000009', 'ORDER00001');
INSERT INTO DRIVER_ORDER VALUES('0000000009', 'ORDER00002');
INSERT INTO DRIVER_ORDER VALUES('1111111119', 'ORDER00003');

INSERT INTO CUSTOMER VALUES('1234567890', 'WALMART', '0000000000', 'CUST1', '6365551234');
INSERT INTO CUSTOMER VALUES('1234567800', 'WALMART', '0000000000', 'CUST2', '3145551234');
INSERT INTO CUSTOMER VALUES('1234567000', 'KROGER', '1111111111', 'CUST3', '5735551234');

INSERT INTO CUST_ADDRESS VALUES('1234567890', 'WALMART', '0000000000', 'FAKE', 'ROLLA', 'MO', '65401');
INSERT INTO CUST_ADDRESS VALUES('1234567800', 'WALMART', '0000000000', 'UNREAL', 'ROLLA', 'MO', '65401' );
INSERT INTO CUST_ADDRESS VALUES('1234567000', 'KROGER', '1111111111', 'FALSE', 'ROLLA', 'MO', '65401');

INSERT INTO ORDERS VALUES('ORDER00001', '1234567890', {'DAIRY', 'FRUIT', 'DRY'});
INSERT INTO ORDERS VALUES('ORDER00002', '1234567800', {'FRUIT', 'MEAT'});
INSERT INTO ORDERS VALUES('ORDER00003', '1234567000', {'FROZEN', 'DRY', 'DRY'});

INSERT INTO BOXES VALUES('9999999999', 'FROZEN');
INSERT INTO BOXES VALUES('8888888888', 'FROZEN');
INSERT INTO BOXES VALUES('7777777777', 'COLD');
INSERT INTO BOXES VALUES('6666666666', 'DRY');

INSERT INTO SHIPS VALUES('9999999999', '0000000009', NULL, NULL);
INSERT INTO SHIPS VALUES('8888888888', '0000000099', NULL, NULL);
INSERT INTO SHIPS VALUES('7777777777', '1111111119', NULL, NULL);
INSERT INTO SHIPS VALUES('6666666666', '2222222229', NULL, NULL);